ProductKey,ProductName
1,Chai
2,Chang
3,Aniseed Syrup
4,Chef Anton's Cajun Seasoning
5,Chef Anton's Gumbo Mix
6,Grandma's Boysenberry Spread
7,Uncle Bob's Organic Dried Pears
8,Northwoods Cranberry Sauce
9,Mishi Kobe Niku
10,Ikura
11,Queso Cabrales
12,Queso Manchego La Pastora
13,Konbu
14,Tofu
15,Genen Shouyu
16,Pavlova
17,Alice Mutton
18,Carnarvon Tigers
19,Teatime Chocolate Biscuits
20,Sir Rodney's Marmalade
21,Sir Rodney's Scones
22,Gustaf's Kn ckebr d
23,Tunnbr d
24,Guaran  Fant stica
25,NuNuCa Nu -Nougat-Creme
26,Gumb r Gummib rchen
27,Schoggi Schokolade
28,R ssle Sauerkraut
29,Th ringer Rostbratwurst
30,Nord-Ost Matjeshering
31,Gorgonzola Telino
32,Mascarpone Fabioli
33,Geitost
34,Sasquatch Ale
35,Steeleye Stout
36,Inlagd Sill
37,Gravad lax
38,C te de Blaye
39,Chartreuse verte
40,Boston Crab Meat
41,Jack's New England Clam Chowder
42,Singaporean Hokkien Fried Mee
43,Ipoh Coffee
44,Gula Malacca
45,Rogede sild
46,Spegesild
47,Zaanse koeken
48,Chocolade
49,Maxilaku
50,Valkoinen suklaa
51,Manjimup Dried Apples
52,Filo Mix
53,Perth Pasties
54,Tourti re
55,P t  chinois
56,Gnocchi di nonna Alice
57,Ravioli Angelo
58,Escargots de Bourgogne
59,Raclette Courdavault
60,Camembert Pierrot
61,Sirop d' rable
62,Tarte au sucre
63,Vegie-spread
64,Wimmers gute Semmelkn del
65,Louisiana Fiery Hot Pepper Sauce
66,Louisiana Hot Spiced Okra
67,Laughing Lumberjack Lager
68,Scottish Longbreads
69,Gudbrandsdalsost
70,Outback Lager
71,Flotemysost
72,Mozzarella di Giovanni
73,R d Kaviar
74,Longlife Tofu
75,Rh nbr u Klosterbier
76,Lakkalik  ri
77,Original Frankfurter gr ne So e
